,x_absolute,y_absolute
0,67701.0,29720.0
1,65953.0,22378.0
2,59156.0,55127.0
3,66432.0,53960.0
4,73367.0,36634.0
5,59532.0,56229.0
6,72194.0,54070.0
7,72939.0,19545.0
8,58245.0,36461.0
9,65391.0,59023.0
10,62596.0,44742.0
11,70083.0,61404.0
12,66402.0,37139.0
13,57174.0,34525.0
14,65776.0,22221.0
15,77540.0,24030.0
16,82219.0,19850.0
17,66579.0,23340.0
18,75886.0,45425.0
19,61748.0,60703.0
20,64843.0,35154.0
21,57278.0,39883.0
22,76150.0,28709.0
23,59498.0,45313.0
24,56879.0,40201.0
25,68194.0,19469.0
26,83282.0,16791.0
27,57531.0,32645.0
28,76197.0,47432.0
29,82997.0,16066.0
30,57992.0,32299.0
31,60678.0,55434.0
32,62843.0,60172.0
33,73012.0,19802.0
34,74197.0,35020.0
35,59987.0,39773.0
36,66952.0,51940.0
37,69865.0,58275.0
38,70133.0,62621.0
39,85565.0,20244.0
40,75441.0,25975.0
41,61949.0,44608.0
42,61119.0,47583.0
43,68160.0,29304.0
44,75383.0,26018.0
45,63260.0,30212.0
46,82675.0,18570.0
47,73451.0,27968.0
48,61674.0,55507.0
49,67192.0,60441.0
50,10175.0,32946.0
51,69740.0,59158.0
52,77911.0,48470.0
53,68300.0,23281.0
54,65973.0,22126.0
55,58892.0,39769.0
56,57665.0,43033.0
57,71891.0,54682.0
58,75604.0,29436.0
59,81547.0,46567.0
60,75876.0,32639.0
61,64691.0,30635.0
62,62858.0,46318.0
63,49491.0,43737.0
64,71145.0,60083.0
65,61413.0,43106.0
66,68100.0,28104.0
67,68457.0,41152.0
68,71746.0,24148.0
69,63364.0,40568.0
70,74433.0,21084.0
71,60461.0,47584.0
72,82330.0,19112.0
73,43287.0,24734.0
74,61746.0,43818.0
75,78859.0,27198.0
76,64676.0,30609.0
77,14003.0,40181.0
78,68546.0,48429.0
79,60717.0,43226.0
80,57319.0,39536.0
81,64900.0,32733.0
82,63329.0,52030.0
83,60352.0,52744.0
84,12679.0,24434.0
85,66777.0,30206.0
86,57590.0,40823.0
87,74891.0,45889.0
88,50674.0,5988.0
89,61938.0,36064.0
90,61130.0,39581.0
91,20059.0,27504.0
92,61895.0,28769.0
93,58337.0,37142.0
94,77830.0,24700.0
95,74826.0,25033.0
96,70684.0,62244.0
97,59682.0,53235.0
98,62961.0,41165.0
99,80335.0,33162.0
100,74401.0,29162.0
101,61457.0,50239.0
102,59002.0,53549.0
103,34418.0,44992.0
104,67369.0,53818.0
105,60903.0,43033.0
106,60964.0,34561.0
107,47700.0,38224.0
108,72046.0,52855.0
109,72630.0,58680.0
110,68519.0,49998.0
111,61067.0,44089.0
112,71305.0,17935.0
113,61051.0,57759.0
114,60712.0,40671.0
115,69857.0,54110.0
116,71300.0,49442.0
117,63943.0,51364.0
118,55793.0,35984.0
119,68894.0,41776.0
120,58015.0,35494.0
121,79858.0,17364.0
122,35991.0,28171.0
123,68116.0,25185.0
124,58215.0,41321.0
125,71208.0,38205.0
126,69714.0,19472.0
127,75838.0,18979.0
128,64374.0,61788.0
129,40244.0,24394.0
130,63886.0,32834.0
131,74396.0,23038.0
132,65943.0,48505.0
133,82158.0,48986.0
134,80971.0,36084.0
135,68120.0,33201.0
136,71533.0,62172.0
137,76729.0,30800.0
138,59140.0,50063.0
139,80793.0,31257.0
140,11175.0,50813.0
141,66857.0,41014.0
142,73555.0,49073.0
143,9006.0,26784.0
144,29826.0,45683.0
145,58040.0,54096.0
146,11556.0,27378.0
147,55672.0,35023.0
148,63454.0,48381.0
149,87355.0,18184.0
150,29628.0,45548.0
151,65390.0,35273.0
152,12379.0,26160.0
153,68216.0,56232.0
154,64908.0,48905.0
155,61639.0,56854.0
156,79675.0,41043.0
157,77276.0,30830.0
158,24781.0,53901.0
159,56347.0,39764.0
160,61658.0,25689.0
161,63713.0,33593.0
162,32089.0,57351.0
163,68560.0,60034.0
164,62605.0,36821.0
165,79227.0,28700.0
166,8937.0,22546.0
167,67141.0,19115.0
168,75583.0,14486.0
169,28518.0,33800.0
170,63630.0,52601.0
171,56571.0,46200.0
172,56825.0,37921.0
173,73066.0,24621.0
174,12156.0,33044.0
175,61577.0,56821.0
176,31573.0,33510.0
177,13763.0,32478.0
178,84833.0,14595.0
179,13952.0,34106.0
180,67878.0,38123.0
181,69223.0,47228.0
182,10921.0,25941.0
183,67001.0,62669.0
184,31540.0,30919.0
185,66961.0,29744.0
186,73002.0,28189.0
187,68755.0,19685.0
188,60272.0,55714.0
189,62135.0,42170.0
190,59780.0,48164.0
191,73121.0,21712.0
192,74783.0,31090.0
193,59584.0,43216.0
194,12909.0,23370.0
195,66054.0,59015.0
196,10524.0,27270.0
197,72506.0,31975.0
198,87415.0,17793.0
199,71998.0,54362.0
200,72523.0,58579.0
201,9729.0,53394.0
202,59308.0,30223.0
203,29262.0,32541.0
204,37084.0,42029.0
205,54486.0,32309.0
206,57910.0,18573.0
207,10627.0,28258.0
208,64416.0,31138.0
209,12459.0,48515.0
210,74497.0,27336.0
211,84582.0,16005.0
212,70924.0,62562.0
213,13362.0,26432.0
214,10541.0,46095.0
215,19553.0,2286.0
216,69444.0,24757.0
217,61434.0,47696.0
218,68773.0,52229.0
219,60369.0,27422.0
220,73240.0,42874.0
221,81418.0,15869.0
222,74363.0,24317.0
223,61448.0,33799.0
224,76597.0,41621.0
225,70891.0,39939.0
226,60224.0,11238.0
227,76828.0,47923.0
228,73541.0,44228.0
229,67772.0,36083.0
230,70844.0,37479.0
231,60228.0,38812.0
232,80824.0,18148.0
233,55692.0,28504.0
234,13106.0,33951.0
235,63431.0,42058.0
236,74949.0,27385.0
237,60903.0,33457.0
238,56244.0,31446.0
239,86078.0,16263.0
240,66054.0,36436.0
241,9936.0,29986.0
242,13827.0,34388.0
243,69905.0,24189.0
244,67507.0,22426.0
245,81980.0,15154.0
246,65725.0,62292.0
247,68131.0,29450.0
248,66442.0,29992.0
249,10342.0,46631.0
250,53899.0,31032.0
251,72028.0,50883.0
252,59495.0,52360.0
253,63776.0,42881.0
254,73710.0,48797.0
255,12161.0,25939.0
256,69051.0,17760.0
257,61059.0,42204.0
258,75321.0,33646.0
259,11268.0,26857.0
260,55340.0,33865.0
261,13139.0,31550.0
262,69878.0,30813.0
263,5524.0,13812.0
264,9924.0,56133.0
265,71613.0,19184.0
266,13019.0,31155.0
267,74508.0,26728.0
268,77412.0,47236.0
269,40090.0,24590.0
270,68872.0,52524.0
271,6611.0,17129.0
272,10729.0,29570.0
273,69263.0,30299.0
274,53788.0,32615.0
275,51119.0,38961.0
276,57159.0,38104.0
277,17960.0,48614.0
278,81726.0,17304.0
279,76569.0,42045.0
280,59034.0,44976.0
281,60693.0,18717.0
282,76685.0,17225.0
283,81758.0,16208.0
284,65164.0,22786.0
285,50421.0,8581.0
286,35258.0,54949.0
287,11007.0,45688.0
288,80334.0,18336.0
289,61672.0,7405.0
290,58954.0,54103.0
291,76208.0,44064.0
292,5961.0,14602.0
293,66888.0,57775.0
294,80982.0,8568.0
295,59212.0,55652.0
296,81459.0,47958.0
297,38601.0,14814.0
298,65337.0,58418.0
299,80668.0,46101.0
300,64734.0,37096.0
301,79973.0,49564.0
302,60271.0,41102.0
303,9235.0,11955.0
304,79354.0,24218.0
305,77624.0,17823.0
306,69919.0,29338.0
307,66911.0,28950.0
308,79208.0,40993.0
309,67884.0,55636.0
310,8038.0,14842.0
311,10894.0,28036.0
312,10337.0,46769.0
313,59175.0,32773.0
314,78886.0,27439.0
315,68765.0,28801.0
316,78174.0,34324.0
317,16921.0,40070.0
318,65203.0,28160.0
319,12775.0,30970.0
320,63332.0,49374.0
321,5355.0,11336.0
322,72614.0,33996.0
323,81543.0,16356.0
324,7040.0,16815.0
325,82548.0,19415.0
326,79873.0,43644.0
327,13921.0,16213.0
328,8671.0,6718.0
329,68670.0,30342.0
330,7074.0,10021.0
331,61152.0,53094.0
332,73988.0,34524.0
333,75744.0,35027.0
334,13303.0,34053.0
335,73432.0,50571.0
336,54274.0,35429.0
337,66547.0,33922.0
338,87940.0,16802.0
339,62681.0,45618.0
340,53540.0,34337.0
341,80247.0,50721.0
342,69306.0,46102.0
343,71807.0,36385.0
344,5985.0,14926.0
345,47792.0,41713.0
346,11268.0,32109.0
347,72012.0,55888.0
348,68150.0,40844.0
349,80037.0,24682.0
350,64220.0,40875.0
351,65705.0,48972.0
352,70288.0,61114.0
353,13565.0,39706.0
354,77568.0,41692.0
355,72512.0,39648.0
356,79362.0,50315.0
357,74273.0,30574.0
358,69013.0,29693.0
359,69693.0,53671.0
360,79333.0,40851.0
361,70704.0,53512.0
362,69323.0,59200.0
363,68245.0,44518.0
364,57440.0,51231.0
365,62917.0,46359.0
366,81358.0,17919.0
367,62444.0,44107.0
368,77714.0,25425.0
369,72135.0,33292.0
370,65774.0,33212.0
371,81940.0,8920.0
372,66454.0,33909.0
373,13372.0,26703.0
374,10537.0,46021.0
375,71899.0,56547.0
376,74413.0,48332.0
377,9126.0,30350.0
378,73215.0,27225.0
379,57132.0,30979.0
380,84661.0,17129.0
381,12455.0,45878.0
382,72908.0,48985.0
383,63208.0,39942.0
384,80110.0,37586.0
385,79738.0,43029.0
386,68486.0,36992.0
387,65836.0,36005.0
388,74561.0,23684.0
389,69108.0,39863.0
390,62357.0,5581.0
391,76853.0,26210.0
392,69126.0,40666.0
393,58382.0,33647.0
394,13595.0,26978.0
395,65108.0,39728.0
396,12162.0,26755.0
397,10775.0,46604.0
398,72752.0,28665.0
399,33168.0,27217.0
400,60246.0,56098.0
401,62720.0,57158.0
402,55159.0,35119.0
403,60224.0,41120.0
404,46779.0,53333.0
405,44598.0,31165.0
406,55215.0,39919.0
407,11896.0,30795.0
408,72957.0,34744.0
409,62625.0,59606.0
410,59813.0,49223.0
411,75815.0,32774.0
412,72656.0,58678.0
413,65905.0,25680.0
414,12015.0,46832.0
415,8629.0,31171.0
416,74876.0,42154.0
417,59919.0,16929.0
418,76967.0,27381.0
419,76482.0,13987.0
420,12236.0,26637.0
421,8713.0,29984.0
422,78259.0,28349.0
423,59853.0,15228.0
424,65817.0,35965.0
425,64248.0,60031.0
426,56650.0,40791.0
427,6151.0,8518.0
428,69607.0,44472.0
429,10682.0,30055.0
430,9789.0,53181.0
431,72245.0,52760.0
432,68678.0,52997.0
433,13851.0,27997.0
434,13224.0,33336.0
435,79076.0,48531.0
436,16337.0,39021.0
437,10299.0,51828.0
438,69992.0,53197.0
439,61316.0,42590.0
440,73963.0,42756.0
441,37141.0,52864.0
442,77579.0,21223.0
443,23892.0,55343.0
444,72490.0,47513.0
445,77562.0,33733.0
446,11366.0,48325.0
447,71343.0,53328.0
448,71926.0,41518.0
449,67101.0,27614.0
450,8358.0,6717.0
451,68660.0,23401.0
452,70012.0,52446.0
453,64691.0,42262.0
454,68733.0,17100.0
455,19703.0,3739.0
456,67476.0,23617.0
457,66287.0,51083.0
458,69076.0,27580.0
459,74734.0,45679.0
460,82870.0,15714.0
461,87666.0,16105.0
462,66917.0,37064.0
463,73100.0,47461.0
464,85487.0,17352.0
465,59808.0,34146.0
466,56198.0,41304.0
467,72754.0,57879.0
468,58790.0,33706.0
469,77633.0,20058.0
470,67760.0,31494.0
471,72466.0,17488.0
472,13134.0,25171.0
473,55621.0,31212.0
474,8933.0,30206.0
475,70367.0,52421.0
476,87866.0,13894.0
477,60171.0,54569.0
478,84261.0,24050.0
479,62119.0,31564.0
480,11887.0,45945.0
481,10328.0,47178.0
482,77715.0,35558.0
483,66451.0,20567.0
484,75517.0,41317.0
485,10467.0,26300.0
486,64498.0,36000.0
487,59160.0,29972.0
488,9620.0,21657.0
489,78584.0,28139.0
490,72164.0,53487.0
491,83956.0,16785.0
492,62450.0,57997.0
493,70295.0,39932.0
494,7799.0,12691.0
495,71524.0,49716.0
496,71599.0,34330.0
497,82089.0,14954.0
498,9093.0,16535.0
499,66634.0,57629.0
500,86082.0,18780.0
501,11887.0,30428.0
502,13527.0,50084.0
503,83551.0,20015.0
504,57154.0,55826.0
505,56838.0,30918.0
506,77350.0,22369.0
507,69608.0,33346.0
508,38063.0,53505.0
509,80972.0,17126.0
510,63021.0,26896.0
511,60644.0,42844.0
512,17898.0,35296.0
513,69914.0,53793.0
514,72821.0,36207.0
515,54132.0,34335.0
516,62000.0,35482.0
517,13122.0,33980.0
518,73708.0,41605.0
519,76212.0,48171.0
520,55424.0,27495.0
521,67543.0,46312.0
522,70850.0,17193.0
523,59784.0,32860.0
524,73685.0,35026.0
525,66137.0,34807.0
526,27304.0,22270.0
527,82289.0,9883.0
528,64632.0,37274.0
529,71043.0,29457.0
530,62552.0,52465.0
531,80712.0,46130.0
532,69808.0,34935.0
533,13757.0,36153.0
534,13078.0,32377.0
535,76219.0,47420.0
536,78968.0,50652.0
537,68933.0,53398.0
538,37899.0,60427.0
539,62459.0,42312.0
540,12641.0,30005.0
541,70057.0,22824.0
542,68128.0,60460.0
543,80069.0,35096.0
544,66068.0,30463.0
545,54401.0,34320.0
546,60217.0,44270.0
547,73174.0,44571.0
548,78911.0,38072.0
549,61695.0,36748.0
550,73153.0,49101.0
551,31165.0,56518.0
552,65749.0,34764.0
553,62930.0,39352.0
554,75764.0,32923.0
555,9981.0,26441.0
556,9498.0,53508.0
557,72220.0,34574.0
558,80129.0,15164.0
559,77271.0,31051.0
560,65007.0,25300.0
561,59471.0,46720.0
562,58713.0,37655.0
563,71959.0,54391.0
564,63918.0,32837.0
565,13722.0,35723.0
566,47483.0,55283.0
567,67267.0,41159.0
568,73854.0,28323.0
569,78759.0,49930.0
570,62494.0,53077.0
571,38838.0,15228.0
572,60045.0,38143.0
573,67635.0,36920.0
574,9398.0,28888.0
575,35033.0,14377.0
576,68679.0,53049.0
577,70642.0,36890.0
578,73335.0,20820.0
579,65347.0,60198.0
580,68259.0,46915.0
581,63383.0,50073.0
582,13514.0,24058.0
583,74239.0,19341.0
584,71176.0,59997.0
585,85955.0,17377.0
586,69916.0,43306.0
587,81557.0,15006.0
588,78475.0,50234.0
589,59721.0,16812.0
590,57087.0,40815.0
591,69556.0,27733.0
592,68496.0,56680.0
593,64617.0,33376.0
594,19148.0,35327.0
595,63083.0,32277.0
596,73122.0,46936.0
597,8932.0,25089.0
598,64431.0,56474.0
599,77236.0,28502.0
600,56677.0,41869.0
601,65552.0,47196.0
602,9861.0,30052.0
603,76853.0,27490.0
604,69575.0,31740.0
605,30975.0,56086.0
606,60270.0,32852.0
607,82230.0,17892.0
608,14416.0,34331.0
609,72661.0,19233.0
610,13333.0,25733.0
611,77331.0,48358.0
612,59408.0,34765.0
613,14168.0,39417.0
614,69814.0,21755.0
615,65299.0,62776.0
616,82921.0,49291.0
617,61403.0,60694.0
618,14016.0,39402.0
619,57297.0,45974.0
620,72563.0,56338.0
621,80439.0,32988.0
622,77211.0,22776.0
623,35198.0,54269.0
624,12843.0,32312.0
625,78964.0,39823.0
626,70450.0,46274.0
627,10668.0,47977.0
628,21163.0,40476.0
629,10316.0,4432.0
630,74022.0,32748.0
631,66263.0,57523.0
632,66026.0,32844.0
633,80359.0,36839.0
634,69585.0,31989.0
635,68474.0,39997.0
636,13848.0,28714.0
637,85957.0,16883.0
638,10960.0,27033.0
639,59107.0,41283.0
640,9515.0,29323.0
641,64727.0,42639.0
642,63332.0,43203.0
643,60668.0,36166.0
644,74029.0,40637.0
645,83304.0,16894.0
646,51788.0,39172.0
647,69104.0,36446.0
648,61295.0,46128.0
649,67778.0,62680.0
650,67404.0,48846.0
651,74017.0,27207.0
652,63189.0,61443.0
653,64664.0,34257.0
654,80754.0,32092.0
655,61362.0,37145.0
656,72471.0,40542.0
657,74384.0,26802.0
658,13482.0,15593.0
659,54580.0,35761.0
660,56267.0,30814.0
661,80539.0,46266.0
662,72380.0,57852.0
663,78482.0,36941.0
664,68591.0,58740.0
665,77726.0,18089.0
666,28913.0,61006.0
667,10011.0,55776.0
668,31156.0,56796.0
669,59622.0,17037.0
670,70430.0,41380.0
671,65578.0,43396.0
672,77114.0,34624.0
673,64691.0,53175.0
674,78436.0,38313.0
675,78552.0,39204.0
676,77632.0,21449.0
677,69960.0,32707.0
678,78127.0,25294.0
679,7497.0,13823.0
680,73415.0,33196.0
681,73198.0,39205.0
682,71427.0,50411.0
683,69738.0,53783.0
684,34226.0,61949.0
685,47832.0,38774.0
686,50872.0,38764.0
687,79322.0,51474.0
688,58595.0,52982.0
689,14803.0,33982.0
690,64840.0,32255.0
691,72152.0,20836.0
692,72713.0,35248.0
693,68787.0,50781.0
694,69556.0,31218.0
695,63860.0,34339.0
696,61100.0,59893.0
697,64261.0,6330.0
698,82251.0,50584.0
699,67295.0,33901.0
700,77823.0,48084.0
701,67729.0,54673.0
702,69513.0,34499.0
703,55447.0,55289.0
704,83094.0,16429.0
705,24308.0,38931.0
706,76793.0,39997.0
707,49035.0,38801.0
708,55203.0,34663.0
709,9381.0,29238.0
710,54115.0,31524.0
711,63964.0,38316.0
712,70182.0,29461.0
713,64359.0,44841.0
714,34770.0,60269.0
715,24218.0,21643.0
716,59798.0,31961.0
717,67871.0,44851.0
718,71720.0,49789.0
719,6913.0,8501.0
720,69754.0,28104.0
721,78628.0,16533.0
722,62399.0,24711.0
723,14060.0,26167.0
724,82248.0,46862.0
725,37427.0,52064.0
726,68204.0,56520.0
727,64933.0,22164.0
728,65287.0,42819.0
729,62445.0,38923.0
730,77011.0,25785.0
731,11409.0,48949.0
732,78051.0,32330.0
733,83419.0,12223.0
734,66543.0,55620.0
735,7658.0,16225.0
736,76158.0,31319.0
737,68314.0,33207.0
738,60961.0,14331.0
739,66314.0,60100.0
740,80863.0,32260.0
741,78023.0,22683.0
742,14934.0,49979.0
743,71927.0,40151.0
744,7044.0,14748.0
745,71620.0,58202.0
746,52451.0,32102.0
747,74886.0,23902.0
748,80953.0,48768.0
749,68040.0,33722.0
750,77748.0,44759.0
751,77355.0,28837.0
752,18587.0,40898.0
753,61746.0,36135.0
754,61054.0,52487.0
755,55630.0,37763.0
756,9048.0,15945.0
757,78486.0,38478.0
758,59336.0,44266.0
759,76474.0,47463.0
760,77096.0,36416.0
761,66659.0,32339.0
762,11870.0,26337.0
763,11651.0,25914.0
764,57034.0,41627.0
765,81650.0,19707.0
766,33679.0,60338.0
767,72010.0,43671.0
768,70880.0,47639.0
769,80264.0,27962.0
770,8997.0,25268.0
771,15371.0,51035.0
772,10190.0,25580.0
773,68022.0,21606.0
774,10568.0,56205.0
775,86158.0,17809.0
776,60523.0,54785.0
777,62000.0,53068.0
778,32367.0,31384.0
779,12511.0,26338.0
780,64818.0,20682.0
781,78807.0,25885.0
782,65379.0,38800.0
783,70880.0,37885.0
784,34899.0,54886.0
785,61647.0,36123.0
786,72645.0,42698.0
787,72287.0,33876.0
788,79800.0,32263.0
789,17204.0,37453.0
790,54554.0,31866.0
791,68296.0,51223.0
792,66904.0,19000.0
793,71618.0,45703.0
794,57560.0,30774.0
795,13220.0,31141.0
796,73923.0,18879.0
797,73222.0,32310.0
798,63012.0,54418.0
799,60707.0,40095.0
800,77337.0,24774.0
801,77994.0,27550.0
802,66917.0,57784.0
803,62635.0,33330.0
804,82707.0,19246.0
805,13901.0,32519.0
806,11752.0,21789.0
807,12496.0,32662.0
808,72527.0,34320.0
809,82695.0,21444.0
810,18955.0,46231.0
811,80017.0,30481.0
812,57703.0,49113.0
813,71427.0,52107.0
814,10824.0,24751.0
815,12153.0,25558.0
816,56697.0,34991.0
817,64064.0,35152.0
818,76842.0,44489.0
819,57359.0,40536.0
820,33144.0,59763.0
821,65997.0,25516.0
822,28635.0,44000.0
823,10654.0,28889.0
824,60973.0,43280.0
825,64014.0,61848.0
826,78261.0,26187.0
827,47764.0,41711.0
828,20692.0,3423.0
829,67598.0,41370.0
830,23604.0,51586.0
831,65017.0,34292.0
832,12592.0,33131.0
833,80397.0,47723.0
834,69280.0,33281.0
835,72212.0,32946.0
836,74432.0,38841.0
837,55815.0,13963.0
838,66765.0,47875.0
839,73245.0,21024.0
840,71148.0,52860.0
841,64716.0,42553.0
842,8113.0,22904.0
843,6262.0,14798.0
844,67499.0,35024.0
845,66746.0,60960.0
846,56690.0,30769.0
847,11712.0,25587.0
848,69056.0,34017.0
849,83088.0,21010.0
850,78428.0,36034.0
851,61570.0,50322.0
852,78422.0,52572.0
853,67357.0,30184.0
854,70612.0,27255.0
855,54565.0,33788.0
856,69595.0,29891.0
857,40689.0,24539.0
858,78366.0,18965.0
859,5849.0,9560.0
860,54130.0,32573.0
861,69280.0,30324.0
862,72597.0,56977.0
863,66062.0,40132.0
864,75035.0,45173.0
865,77728.0,34123.0
866,74108.0,41313.0
867,63013.0,57408.0
868,9797.0,27540.0
869,64695.0,20778.0
870,62888.0,43530.0
871,66914.0,25545.0
872,47094.0,38393.0
873,81171.0,13203.0
874,67452.0,29964.0
875,67790.0,40437.0
876,33108.0,55160.0
877,30320.0,34718.0
878,76237.0,35982.0
879,71749.0,54744.0
880,13937.0,34661.0
881,66440.0,19386.0
882,9936.0,21755.0
883,19941.0,40054.0
884,71126.0,24173.0
885,10791.0,27938.0
886,12114.0,22671.0
887,70759.0,54633.0
888,11268.0,32360.0
889,74975.0,45970.0
890,57570.0,36398.0
891,64995.0,33720.0
892,62852.0,23966.0
893,78381.0,35030.0
894,16034.0,50270.0
895,74844.0,42155.0
896,71325.0,49441.0
897,67618.0,38137.0
898,72365.0,19463.0
899,67329.0,23862.0
900,67637.0,27673.0
901,61249.0,59548.0
902,74193.0,34325.0
903,60113.0,40310.0
904,65203.0,25035.0
905,20933.0,3287.0
906,13148.0,29497.0
907,77984.0,21332.0
908,57204.0,39216.0
909,72775.0,49969.0
910,82840.0,48972.0
911,13605.0,48097.0
912,61174.0,40498.0
913,66595.0,32138.0
914,68611.0,41410.0
915,64758.0,22333.0
916,75698.0,28664.0
917,60335.0,60572.0
918,67011.0,40645.0
919,13897.0,33726.0
920,61753.0,46769.0
921,70122.0,43553.0
922,61861.0,55229.0
923,79357.0,46913.0
924,42372.0,25427.0
925,60150.0,41648.0
926,12444.0,47906.0
927,82310.0,47465.0
928,41450.0,24023.0
929,47984.0,54372.0
930,63285.0,42254.0
931,68504.0,61684.0
932,70719.0,40469.0
933,67563.0,33420.0
934,64682.0,58485.0
935,23446.0,40618.0
936,11063.0,28075.0
937,57288.0,34360.0
938,75824.0,18368.0
939,65401.0,20266.0
940,13843.0,34483.0
941,69548.0,59629.0
942,59620.0,32991.0
943,66114.0,44296.0
944,76994.0,44533.0
945,64296.0,31864.0
946,67411.0,45733.0
947,77920.0,40324.0
948,22780.0,14531.0
949,73170.0,23153.0
950,58006.0,36540.0
951,62281.0,31804.0
952,38269.0,50080.0
953,6237.0,12708.0
954,64591.0,56048.0
955,58448.0,51957.0
956,64052.0,43035.0
957,62898.0,52178.0
958,26454.0,55959.0
959,73097.0,33551.0
960,68346.0,44055.0
961,80214.0,24833.0
962,63776.0,25587.0
963,79356.0,37192.0
964,10740.0,28049.0
965,62461.0,52698.0
966,67434.0,30769.0
967,61186.0,56156.0
968,69774.0,46362.0
969,67196.0,22435.0
970,70277.0,44116.0
971,6256.0,14444.0
972,14312.0,55405.0
973,68406.0,39976.0
974,69786.0,43058.0
975,61965.0,47284.0
976,69686.0,40546.0
977,14198.0,31695.0
978,71447.0,31674.0
979,7671.0,10588.0
980,67255.0,61848.0
981,12780.0,26365.0
982,36632.0,18140.0
983,59669.0,56643.0
984,78005.0,34695.0
985,61112.0,16748.0
986,59453.0,42550.0
987,65903.0,21930.0
988,53564.0,28998.0
989,18321.0,48603.0
990,64677.0,36270.0
991,75795.0,46844.0
992,13614.0,32617.0
993,54232.0,31328.0
994,67486.0,37221.0
995,9401.0,30468.0
996,38056.0,51861.0
997,73138.0,32145.0
998,69303.0,39604.0
999,58771.0,35429.0
1000,11977.0,31316.0
1001,8191.0,30493.0
1002,71834.0,53360.0
1003,57560.0,32643.0
1004,56756.0,33769.0
1005,76146.0,41650.0
1006,11889.0,26128.0
1007,36286.0,27411.0
1008,63887.0,39013.0
1009,72657.0,48530.0
1010,77792.0,41432.0
1011,79001.0,29015.0
1012,68988.0,33164.0
1013,58778.0,30627.0
1014,62417.0,31302.0
1015,78189.0,30185.0
1016,9380.0,26068.0
1017,84195.0,17054.0
1018,13779.0,39649.0
1019,77541.0,19870.0
1020,78041.0,31251.0
1021,76541.0,24113.0
1022,87308.0,13055.0
1023,81628.0,47631.0
1024,8174.0,11624.0
1025,81268.0,16712.0
1026,58526.0,38316.0
1027,73242.0,50113.0
1028,63050.0,39676.0
1029,79646.0,44017.0
1030,63806.0,7335.0
1031,61344.0,54346.0
1032,80347.0,33883.0
1033,66859.0,29924.0
1034,13403.0,49302.0
1035,59807.0,32020.0
1036,80126.0,30314.0
1037,79526.0,41868.0
1038,79684.0,34423.0
1039,65374.0,33891.0
1040,72166.0,20556.0
1041,12737.0,33732.0
1042,80962.0,18714.0
1043,34497.0,60054.0
1044,78178.0,37922.0
1045,67041.0,46936.0
1046,78873.0,49159.0
1047,79508.0,48551.0
1048,59818.0,11021.0
1049,65578.0,30775.0
1050,82442.0,49323.0
1051,78107.0,32575.0
1052,75696.0,47711.0
1053,49665.0,7934.0
1054,12008.0,32311.0
1055,72957.0,35336.0
1056,66884.0,22553.0
1057,72458.0,42172.0
1058,78967.0,35234.0
1059,71562.0,54745.0
1060,62444.0,51888.0
1061,68207.0,58029.0
1062,12273.0,48609.0
1063,69540.0,53473.0
1064,69198.0,61848.0
1065,56772.0,38808.0
1066,12640.0,32932.0
1067,61286.0,53676.0
1068,63822.0,37850.0
1069,55073.0,37427.0
1070,10461.0,46760.0
1071,12532.0,34615.0
1072,57116.0,40818.0
1073,80132.0,32243.0
1074,87752.0,15748.0
1075,72176.0,55407.0
1076,79633.0,32961.0
1077,66303.0,47647.0
1078,60638.0,53896.0
1079,10847.0,30126.0
1080,63776.0,56374.0
1081,61372.0,43533.0
1082,30772.0,7280.0
1083,76583.0,25088.0
1084,70210.0,63044.0
1085,70470.0,53400.0
1086,80775.0,18143.0
1087,24878.0,54305.0
1088,69442.0,57936.0
1089,33584.0,27023.0
1090,67328.0,43296.0
1091,69548.0,50386.0
1092,76248.0,27882.0
1093,31730.0,56936.0
1094,81774.0,20112.0
1095,58395.0,54511.0
1096,87526.0,19394.0
1097,79998.0,40870.0
1098,73431.0,43782.0
1099,81788.0,46830.0
1100,63668.0,52612.0
1101,66806.0,34320.0
1102,65110.0,29360.0
1103,62442.0,32602.0
1104,73905.0,39262.0
1105,15605.0,40694.0
1106,63864.0,50949.0
1107,62048.0,56547.0
1108,10523.0,53315.0
1109,78293.0,44223.0
1110,64314.0,55622.0
1111,37158.0,53853.0
1112,64939.0,56640.0
1113,66320.0,19434.0
1114,59452.0,37372.0
1115,77952.0,22047.0
1116,66456.0,54545.0
1117,67776.0,19251.0
1118,55773.0,35224.0
1119,68285.0,43008.0
1120,11752.0,31670.0
1121,62681.0,51144.0
1122,80837.0,18475.0
1123,60016.0,55769.0
1124,72886.0,61120.0
1125,16680.0,39084.0
1126,62969.0,53092.0
1127,11712.0,25991.0
1128,73466.0,19056.0
1129,14220.0,48723.0
1130,74057.0,23148.0
1131,64313.0,60526.0
1132,64332.0,58967.0
1133,32850.0,9524.0
1134,14980.0,34424.0
1135,50852.0,50338.0
1136,80837.0,33579.0
1137,69752.0,31656.0
1138,17781.0,46086.0
1139,42105.0,25313.0
1140,13729.0,31718.0
1141,68688.0,32429.0
1142,27454.0,38316.0
1143,69298.0,36907.0
1144,68752.0,56593.0
1145,78903.0,47462.0
1146,65108.0,56079.0
1147,80568.0,49860.0
1148,46124.0,38626.0
1149,23007.0,41523.0
1150,62077.0,58070.0
1151,53577.0,30478.0
1152,43109.0,35443.0
1153,85407.0,16899.0
1154,8645.0,13413.0
1155,85894.0,16185.0
1156,70013.0,58311.0
1157,62444.0,35181.0
1158,69234.0,30298.0
1159,31854.0,28024.0
1160,8981.0,27340.0
1161,70113.0,51123.0
1162,81205.0,16741.0
1163,75559.0,46133.0
1164,57877.0,46628.0
1165,77710.0,36540.0
1166,63792.0,47640.0
1167,15317.0,51721.0
1168,85127.0,21858.0
1169,8630.0,29185.0
1170,69124.0,45503.0
1171,77318.0,34849.0
1172,72631.0,52480.0
1173,74448.0,28117.0
1174,65314.0,34526.0
1175,8623.0,7776.0
1176,63834.0,41999.0
1177,26497.0,34275.0
1178,82001.0,15875.0
1179,57589.0,40473.0
1180,76761.0,35282.0
1181,65472.0,52120.0
1182,36672.0,27216.0
1183,78428.0,20528.0
1184,71825.0,56948.0
1185,57699.0,33459.0
1186,78194.0,31706.0
1187,64173.0,32676.0
1188,69739.0,59184.0
1189,75328.0,21437.0
1190,67775.0,37738.0
1191,78872.0,43809.0
1192,70794.0,59881.0
1193,64251.0,54621.0
1194,83006.0,23482.0
1195,5559.0,11797.0
1196,24201.0,43104.0
1197,80243.0,49175.0
1198,23948.0,38910.0
1199,64282.0,36303.0
1200,67378.0,25912.0
1201,65148.0,41213.0
1202,59100.0,30057.0
1203,35507.0,53351.0
1204,67214.0,45459.0
1205,55340.0,40061.0
1206,75481.0,35339.0
1207,76671.0,36747.0
1208,80675.0,50770.0
1209,41601.0,26401.0
1210,83756.0,20299.0
1211,23164.0,21512.0
1212,81984.0,48439.0
1213,60264.0,37412.0
1214,58433.0,31577.0
1215,12674.0,30062.0
1216,56538.0,41268.0
1217,62466.0,45656.0
1218,11670.0,26142.0
1219,70128.0,38804.0
1220,30161.0,32107.0
1221,59079.0,37017.0
1222,14695.0,30634.0
1223,65469.0,26107.0
1224,54492.0,25839.0
1225,11043.0,51409.0
1226,74737.0,17553.0
1227,81844.0,20614.0
1228,59355.0,34872.0
1229,78428.0,28852.0
1230,48270.0,54778.0
1231,59819.0,35846.0
1232,64171.0,29475.0
1233,61664.0,52120.0
1234,70101.0,20112.0
1235,73437.0,59432.0
1236,70249.0,41872.0
1237,85532.0,17042.0
1238,76674.0,44421.0
1239,79316.0,49465.0
1240,11930.0,22418.0
1241,79900.0,35031.0
1242,70880.0,31391.0
1243,64220.0,25440.0
1244,11130.0,49336.0
1245,68385.0,34971.0
1246,79782.0,33876.0
1247,80761.0,49468.0
1248,37879.0,53857.0
1249,54304.0,28251.0
1250,63113.0,7297.0
1251,80204.0,17868.0
1252,73516.0,28660.0
1253,70436.0,54099.0
1254,14454.0,39574.0
1255,67899.0,26328.0
1256,73507.0,47659.0
1257,77988.0,35192.0
1258,79790.0,31977.0
1259,59375.0,40534.0
1260,12334.0,27157.0
1261,9947.0,29308.0
1262,10819.0,48761.0
1263,73549.0,37807.0
1264,35491.0,27930.0
1265,18469.0,45499.0
1266,57461.0,38957.0
1267,60707.0,38995.0
1268,82469.0,20698.0
1269,13141.0,24875.0
1270,11402.0,27956.0
1271,61892.0,40113.0
1272,68668.0,29512.0
1273,55894.0,36599.0
1274,62838.0,43668.0
1275,72084.0,60205.0
1276,63032.0,5996.0
1277,69125.0,32138.0
1278,58126.0,53137.0
1279,13528.0,28347.0
1280,13846.0,34278.0
1281,40579.0,44655.0
1282,66588.0,49020.0
1283,82391.0,47666.0
1284,72227.0,53075.0
1285,76665.0,35833.0
1286,75591.0,49670.0
1287,63553.0,28826.0
1288,61595.0,55636.0
1289,62452.0,57439.0
1290,67116.0,45751.0
1291,14183.0,34086.0
1292,9667.0,25262.0
1293,78574.0,37387.0
1294,77764.0,20578.0
1295,58004.0,38523.0
1296,58686.0,11115.0
1297,80620.0,32144.0
1298,66924.0,60072.0
1299,64840.0,37022.0
1300,9069.0,16454.0
1301,69573.0,36127.0
1302,80311.0,45927.0
1303,59379.0,47044.0
1304,11439.0,31778.0
1305,56680.0,41201.0
1306,11788.0,25556.0
1307,58197.0,32583.0
1308,71768.0,41098.0
1309,73198.0,42255.0
1310,77745.0,27118.0
1311,61557.0,23945.0
1312,23602.0,23377.0
1313,71796.0,49862.0
1314,11458.0,29026.0
1315,77046.0,41424.0
1316,47501.0,41464.0
1317,68149.0,37114.0
1318,76014.0,30970.0
1319,77767.0,20922.0
1320,86795.0,17644.0
1321,62859.0,52153.0
1322,76774.0,46451.0
1323,62572.0,60769.0
1324,78468.0,29701.0
1325,64496.0,33512.0
1326,64653.0,38688.0
1327,54039.0,30364.0
1328,70941.0,28827.0
1329,72870.0,20760.0
1330,52754.0,32100.0
1331,80939.0,17892.0
1332,36621.0,42957.0
1333,13400.0,31637.0
1334,14695.0,40217.0
1335,55835.0,39875.0
1336,54465.0,35001.0
1337,79575.0,30736.0
1338,9820.0,49133.0
1339,75937.0,48209.0
1340,69118.0,43390.0
1341,72694.0,31342.0
1342,72651.0,28531.0
1343,82586.0,9901.0
1344,67909.0,32301.0
1345,12067.0,30334.0
1346,79798.0,31212.0
1347,86904.0,13753.0
1348,32256.0,23239.0
1349,41453.0,26773.0
1350,58559.0,32294.0
1351,85631.0,21367.0
1352,7030.0,17139.0
1353,65552.0,31891.0
1354,12444.0,49305.0
1355,62459.0,53030.0
1356,21715.0,26458.0
1357,63984.0,32456.0
1358,69992.0,32720.0
1359,81092.0,15524.0
1360,8511.0,17409.0
1361,68647.0,55350.0
1362,68296.0,44303.0
1363,78441.0,21494.0
1364,73111.0,41253.0
1365,80204.0,40859.0
1366,58399.0,38901.0
1367,77096.0,30099.0
1368,29025.0,34957.0
1369,69058.0,33111.0
1370,9440.0,48660.0
1371,62472.0,44325.0
1372,66759.0,54144.0
1373,71483.0,34962.0
1374,13585.0,25195.0
1375,59722.0,43697.0
1376,43095.0,22642.0
1377,65150.0,33687.0
1378,59767.0,41738.0
1379,57578.0,47324.0
1380,11556.0,49848.0
1381,60545.0,31232.0
1382,76693.0,46152.0
1383,80503.0,30842.0
1384,61556.0,44036.0
1385,12004.0,49052.0
1386,64419.0,45679.0
1387,66541.0,46579.0
1388,9794.0,19151.0
1389,76005.0,22808.0
1390,68416.0,41186.0
1391,68800.0,44194.0
1392,77325.0,43991.0
1393,70538.0,52047.0
1394,52676.0,32026.0
1395,34834.0,62189.0
1396,18380.0,48188.0
1397,13471.0,26261.0
1398,74432.0,29156.0
1399,67616.0,32836.0
1400,15896.0,31451.0
1401,9671.0,30458.0
1402,47132.0,53880.0
1403,75885.0,28347.0
1404,84238.0,15229.0
1405,59031.0,29775.0
1406,7272.0,17284.0
1407,84594.0,18336.0
1408,23899.0,55192.0
1409,55334.0,37501.0
1410,65955.0,43644.0
1411,13674.0,29661.0
1412,12002.0,30096.0
1413,76172.0,30152.0
1414,72306.0,40355.0
1415,64291.0,28867.0
1416,69482.0,44277.0
1417,7399.0,17570.0
1418,63060.0,24552.0
1419,57560.0,33587.0
1420,48720.0,41022.0
1421,67712.0,56481.0
1422,73270.0,36960.0
1423,73734.0,41907.0
1424,59780.0,53812.0
1425,11722.0,48044.0
1426,9176.0,22997.0
1427,72763.0,51667.0
1428,37579.0,52525.0
1429,71065.0,32816.0
1430,77580.0,17626.0
1431,68358.0,32323.0
1432,37116.0,55616.0
1433,75147.0,19338.0
1434,78363.0,54157.0
1435,65256.0,20494.0
1436,62299.0,45341.0
1437,12059.0,29984.0
1438,70386.0,60865.0
1439,71493.0,26772.0
1440,8679.0,23233.0
1441,7140.0,17932.0
1442,56052.0,40476.0
1443,65544.0,58385.0
1444,64127.0,48550.0
1445,63283.0,49416.0
1446,83731.0,16653.0
1447,58356.0,31772.0
1448,69490.0,43231.0
1449,13593.0,26433.0
1450,84804.0,17685.0
